N_CTX,Triton Fused,PyTorch SDPA,PyTorch Manual
1024.000000,54.076765,79.416930,35.368010
2048.000000,72.432688,114.141618,36.242804
4096.000000,89.458838,111.524420,38.189097
8192.000000,108.192709,154.606499,38.340540
16384.000000,118.033512,170.131592,
