N_CTX,Triton Fused,PyTorch SDPA,PyTorch Manual
1024.000000,263.900721,232.132621,54.293355
2048.000000,349.284219,279.693969,53.213774
4096.000000,386.178073,328.802275,54.839207
8192.000000,409.329185,332.494639,52.706202
16384.000000,409.459716,333.382685,
