N_CTX,Triton Fused,PyTorch SDPA,PyTorch Manual
1024.000000,137.777421,115.452042,11.406466
2048.000000,183.639357,179.656238,11.340321
4096.000000,255.847432,233.952111,11.216773
8192.000000,293.310275,270.865554,11.123457
16384.000000,307.369665,288.166835,
