N_CTX,Triton Fused,PyTorch SDPA,PyTorch Manual
1024.000000,123.542346,137.109662,43.934150
2048.000000,156.570526,183.179185,43.523291
4096.000000,164.564908,202.359656,44.789343
8192.000000,176.130686,222.510078,44.971381
16384.000000,179.695992,219.030944,
