N_CTX,Triton Fused,PyTorch SDPA,PyTorch Manual
1024.000000,103.696317,132.882468,79.198796
2048.000000,127.640942,158.210479,81.142061
4096.000000,142.804211,176.191640,85.752529
8192.000000,154.527051,177.367344,86.587844
16384.000000,158.841739,175.964735,
