N_CTX,Triton Fused,PyTorch SDPA,PyTorch Manual
1024.000000,151.225011,142.676782,21.480559
2048.000000,203.311126,209.158145,21.382797
4096.000000,273.009773,264.339749,21.568647
8192.000000,305.456526,299.999116,21.507937
16384.000000,344.120140,314.397268,
