N_CTX,Triton Fused,PyTorch SDPA,PyTorch Manual
1024.000000,81.556405,76.444438,19.461658
2048.000000,111.661170,121.103779,19.458206
4096.000000,127.603086,123.462722,19.940835
8192.000000,149.222990,145.601282,19.928422
16384.000000,164.237183,156.869596,
