N_CTX,Triton Fused,PyTorch SDPA,PyTorch Manual
1024.000000,245.492265,204.563418,28.778546
2048.000000,327.865642,245.514301,28.292521
4096.000000,357.542235,289.653077,28.805037
8192.000000,374.570803,299.597016,27.380637
16384.000000,382.325171,313.814424,
